run_id,experiment,experiment_variant,kind,track,track_file,controller,controllers,condition,current_profile,seed,status,expected_gates,completed_gates,official_time_s,penalized_time_s,penalties_s,gate_world_collisions,obstacle_collisions,out_of_bounds_events,proximity_events,stuck_events,all_rovers_finished,start_gap_s,min_gate_gap_configured,min_gate_gap_effective,team_elapsed_time_s,team_penalized_time_s,actual_adapter,fallback_used,source_tree_sha256,summary_path,event_path,reproduction_command
clean/horseshoe/rule_gate_baseline/runs/run_001_seed_0,clean,,benchmark,Marine Race Horseshoe Bay,marine_race_arena/tracks/marine_race_horseshoe_bay.json,rule_gate_baseline,"[""rule_gate_baseline""]",,none,0,FINISHED,12,12,193.71,193.71,0.0,0,0,0,0,0,True,,,,,,holoocean,False,e7d3107784ea53056febcc3966b267ef59ee6d0f24d523c5c9b9446efca044b8,clean/horseshoe/rule_gate_baseline/runs/run_001_seed_0/Marine_Race_Horseshoe_Bay_20260715_164802_summary.json,clean/horseshoe/rule_gate_baseline/runs/run_001_seed_0/Marine_Race_Horseshoe_Bay_20260715_164802.jsonl,conda run -n ocean python -m marine_race_arena.scripts.run_marine_race --track marine_race_arena/tracks/marine_race_horseshoe_bay.json --benchmark-task clean_gate --controller rule_gate_baseline --adapter holoocean --seed 0 --dt 0.033 --log-dir results\onboard_only_validation\final_20260715\clean\horseshoe\rule_gate_baseline\runs\run_001_seed_0 --duration 560.0 --obstacles none --current-profile none --motion-compensation none --official
clean/horseshoe/rule_gate_baseline/runs/run_002_seed_1,clean,,benchmark,Marine Race Horseshoe Bay,marine_race_arena/tracks/marine_race_horseshoe_bay.json,rule_gate_baseline,"[""rule_gate_baseline""]",,none,1,FINISHED,12,12,189.08999999999997,189.08999999999997,0.0,0,0,0,0,0,True,,,,,,holoocean,False,e7d3107784ea53056febcc3966b267ef59ee6d0f24d523c5c9b9446efca044b8,clean/horseshoe/rule_gate_baseline/runs/run_002_seed_1/Marine_Race_Horseshoe_Bay_20260715_165224_summary.json,clean/horseshoe/rule_gate_baseline/runs/run_002_seed_1/Marine_Race_Horseshoe_Bay_20260715_165224.jsonl,conda run -n ocean python -m marine_race_arena.scripts.run_marine_race --track marine_race_arena/tracks/marine_race_horseshoe_bay.json --benchmark-task clean_gate --controller rule_gate_baseline --adapter holoocean --seed 1 --dt 0.033 --log-dir results\onboard_only_validation\final_20260715\clean\horseshoe\rule_gate_baseline\runs\run_002_seed_1 --duration 560.0 --obstacles none --current-profile none --motion-compensation none --official
clean/horseshoe/rule_gate_baseline/runs/run_003_seed_2,clean,,benchmark,Marine Race Horseshoe Bay,marine_race_arena/tracks/marine_race_horseshoe_bay.json,rule_gate_baseline,"[""rule_gate_baseline""]",,none,2,FINISHED,12,12,202.02599999999998,202.02599999999998,0.0,0,0,0,0,0,True,,,,,,holoocean,False,e7d3107784ea53056febcc3966b267ef59ee6d0f24d523c5c9b9446efca044b8,clean/horseshoe/rule_gate_baseline/runs/run_003_seed_2/Marine_Race_Horseshoe_Bay_20260715_165639_summary.json,clean/horseshoe/rule_gate_baseline/runs/run_003_seed_2/Marine_Race_Horseshoe_Bay_20260715_165639.jsonl,conda run -n ocean python -m marine_race_arena.scripts.run_marine_race --track marine_race_arena/tracks/marine_race_horseshoe_bay.json --benchmark-task clean_gate --controller rule_gate_baseline --adapter holoocean --seed 2 --dt 0.033 --log-dir results\onboard_only_validation\final_20260715\clean\horseshoe\rule_gate_baseline\runs\run_003_seed_2 --duration 560.0 --obstacles none --current-profile none --motion-compensation none --official
clean/horseshoe/rule_gate_baseline/runs/run_004_seed_3,clean,,benchmark,Marine Race Horseshoe Bay,marine_race_arena/tracks/marine_race_horseshoe_bay.json,rule_gate_baseline,"[""rule_gate_baseline""]",,none,3,FINISHED,12,12,195.16199999999998,195.16199999999998,0.0,0,0,0,0,0,True,,,,,,holoocean,False,e7d3107784ea53056febcc3966b267ef59ee6d0f24d523c5c9b9446efca044b8,clean/horseshoe/rule_gate_baseline/runs/run_004_seed_3/Marine_Race_Horseshoe_Bay_20260715_170112_summary.json,clean/horseshoe/rule_gate_baseline/runs/run_004_seed_3/Marine_Race_Horseshoe_Bay_20260715_170112.jsonl,conda run -n ocean python -m marine_race_arena.scripts.run_marine_race --track marine_race_arena/tracks/marine_race_horseshoe_bay.json --benchmark-task clean_gate --controller rule_gate_baseline --adapter holoocean --seed 3 --dt 0.033 --log-dir results\onboard_only_validation\final_20260715\clean\horseshoe\rule_gate_baseline\runs\run_004_seed_3 --duration 560.0 --obstacles none --current-profile none --motion-compensation none --official
clean/horseshoe/rule_gate_baseline/runs/run_005_seed_4,clean,,benchmark,Marine Race Horseshoe Bay,marine_race_arena/tracks/marine_race_horseshoe_bay.json,rule_gate_baseline,"[""rule_gate_baseline""]",,none,4,FINISHED,12,12,192.291,192.291,0.0,0,0,0,0,0,True,,,,,,holoocean,False,e7d3107784ea53056febcc3966b267ef59ee6d0f24d523c5c9b9446efca044b8,clean/horseshoe/rule_gate_baseline/runs/run_005_seed_4/Marine_Race_Horseshoe_Bay_20260715_170540_summary.json,clean/horseshoe/rule_gate_baseline/runs/run_005_seed_4/Marine_Race_Horseshoe_Bay_20260715_170540.jsonl,conda run -n ocean python -m marine_race_arena.scripts.run_marine_race --track marine_race_arena/tracks/marine_race_horseshoe_bay.json --benchmark-task clean_gate --controller rule_gate_baseline --adapter holoocean --seed 4 --dt 0.033 --log-dir results\onboard_only_validation\final_20260715\clean\horseshoe\rule_gate_baseline\runs\run_005_seed_4 --duration 560.0 --obstacles none --current-profile none --motion-compensation none --official
clean/horseshoe/rule_gate_center_then_commit/runs/run_001_seed_0,clean,,benchmark,Marine Race Horseshoe Bay,marine_race_arena/tracks/marine_race_horseshoe_bay.json,rule_gate_center_then_commit,"[""rule_gate_center_then_commit""]",,none,0,FINISHED,12,12,196.053,196.053,0.0,0,0,0,0,0,True,,,,,,holoocean,False,e7d3107784ea53056febcc3966b267ef59ee6d0f24d523c5c9b9446efca044b8,clean/horseshoe/rule_gate_center_then_commit/runs/run_001_seed_0/Marine_Race_Horseshoe_Bay_20260715_171044_summary.json,clean/horseshoe/rule_gate_center_then_commit/runs/run_001_seed_0/Marine_Race_Horseshoe_Bay_20260715_171044.jsonl,conda run -n ocean python -m marine_race_arena.scripts.run_marine_race --track marine_race_arena/tracks/marine_race_horseshoe_bay.json --benchmark-task clean_gate --controller rule_gate_center_then_commit --adapter holoocean --seed 0 --dt 0.033 --log-dir results\onboard_only_validation\final_20260715\clean\horseshoe\rule_gate_center_then_commit\runs\run_001_seed_0 --duration 560.0 --obstacles none --current-profile none --motion-compensation none --official
clean/horseshoe/rule_gate_center_then_commit/runs/run_002_seed_1,clean,,benchmark,Marine Race Horseshoe Bay,marine_race_arena/tracks/marine_race_horseshoe_bay.json,rule_gate_center_then_commit,"[""rule_gate_center_then_commit""]",,none,1,FINISHED,12,12,210.20999999999998,210.20999999999998,0.0,0,0,0,0,0,True,,,,,,holoocean,False,e7d3107784ea53056febcc3966b267ef59ee6d0f24d523c5c9b9446efca044b8,clean/horseshoe/rule_gate_center_then_commit/runs/run_002_seed_1/Marine_Race_Horseshoe_Bay_20260715_171509_summary.json,clean/horseshoe/rule_gate_center_then_commit/runs/run_002_seed_1/Marine_Race_Horseshoe_Bay_20260715_171509.jsonl,conda run -n ocean python -m marine_race_arena.scripts.run_marine_race --track marine_race_arena/tracks/marine_race_horseshoe_bay.json --benchmark-task clean_gate --controller rule_gate_center_then_commit --adapter holoocean --seed 1 --dt 0.033 --log-dir results\onboard_only_validation\final_20260715\clean\horseshoe\rule_gate_center_then_commit\runs\run_002_seed_1 --duration 560.0 --obstacles none --current-profile none --motion-compensation none --official
clean/horseshoe/rule_gate_center_then_commit/runs/run_003_seed_2,clean,,benchmark,Marine Race Horseshoe Bay,marine_race_arena/tracks/marine_race_horseshoe_bay.json,rule_gate_center_then_commit,"[""rule_gate_center_then_commit""]",,none,2,FINISHED,12,12,193.974,193.974,0.0,0,0,0,0,0,True,,,,,,holoocean,False,e7d3107784ea53056febcc3966b267ef59ee6d0f24d523c5c9b9446efca044b8,clean/horseshoe/rule_gate_center_then_commit/runs/run_003_seed_2/Marine_Race_Horseshoe_Bay_20260715_171952_summary.json,clean/horseshoe/rule_gate_center_then_commit/runs/run_003_seed_2/Marine_Race_Horseshoe_Bay_20260715_171952.jsonl,conda run -n ocean python -m marine_race_arena.scripts.run_marine_race --track marine_race_arena/tracks/marine_race_horseshoe_bay.json --benchmark-task clean_gate --controller rule_gate_center_then_commit --adapter holoocean --seed 2 --dt 0.033 --log-dir results\onboard_only_validation\final_20260715\clean\horseshoe\rule_gate_center_then_commit\runs\run_003_seed_2 --duration 560.0 --obstacles none --current-profile none --motion-compensation none --official
clean/horseshoe/rule_gate_center_then_commit/runs/run_004_seed_3,clean,,benchmark,Marine Race Horseshoe Bay,marine_race_arena/tracks/marine_race_horseshoe_bay.json,rule_gate_center_then_commit,"[""rule_gate_center_then_commit""]",,none,3,FINISHED,12,12,194.238,194.238,0.0,0,0,0,0,0,True,,,,,,holoocean,False,e7d3107784ea53056febcc3966b267ef59ee6d0f24d523c5c9b9446efca044b8,clean/horseshoe/rule_gate_center_then_commit/runs/run_004_seed_3/Marine_Race_Horseshoe_Bay_20260715_172419_summary.json,clean/horseshoe/rule_gate_center_then_commit/runs/run_004_seed_3/Marine_Race_Horseshoe_Bay_20260715_172419.jsonl,conda run -n ocean python -m marine_race_arena.scripts.run_marine_race --track marine_race_arena/tracks/marine_race_horseshoe_bay.json --benchmark-task clean_gate --controller rule_gate_center_then_commit --adapter holoocean --seed 3 --dt 0.033 --log-dir results\onboard_only_validation\final_20260715\clean\horseshoe\rule_gate_center_then_commit\runs\run_004_seed_3 --duration 560.0 --obstacles none --current-profile none --motion-compensation none --official
clean/horseshoe/rule_gate_center_then_commit/runs/run_005_seed_4,clean,,benchmark,Marine Race Horseshoe Bay,marine_race_arena/tracks/marine_race_horseshoe_bay.json,rule_gate_center_then_commit,"[""rule_gate_center_then_commit""]",,none,4,FINISHED,12,12,193.941,193.941,0.0,0,0,0,0,0,True,,,,,,holoocean,False,e7d3107784ea53056febcc3966b267ef59ee6d0f24d523c5c9b9446efca044b8,clean/horseshoe/rule_gate_center_then_commit/runs/run_005_seed_4/Marine_Race_Horseshoe_Bay_20260715_172841_summary.json,clean/horseshoe/rule_gate_center_then_commit/runs/run_005_seed_4/Marine_Race_Horseshoe_Bay_20260715_172841.jsonl,conda run -n ocean python -m marine_race_arena.scripts.run_marine_race --track marine_race_arena/tracks/marine_race_horseshoe_bay.json --benchmark-task clean_gate --controller rule_gate_center_then_commit --adapter holoocean --seed 4 --dt 0.033 --log-dir results\onboard_only_validation\final_20260715\clean\horseshoe\rule_gate_center_then_commit\runs\run_005_seed_4 --duration 560.0 --obstacles none --current-profile none --motion-compensation none --official
clean/mixed/rule_gate_baseline/runs/run_001_seed_0,clean,,benchmark,Marine Race Mixed Endurance,marine_race_arena/tracks/marine_race_mixed_endurance.json,rule_gate_baseline,"[""rule_gate_baseline""]",,none,0,DNF,22,7,,,0.0,0,0,0,0,0,False,,,,,,holoocean,False,e7d3107784ea53056febcc3966b267ef59ee6d0f24d523c5c9b9446efca044b8,clean/mixed/rule_gate_baseline/runs/run_001_seed_0/Marine_Race_Mixed_Endurance_20260715_182559_summary.json,clean/mixed/rule_gate_baseline/runs/run_001_seed_0/Marine_Race_Mixed_Endurance_20260715_182559.jsonl,conda run -n ocean python -m marine_race_arena.scripts.run_marine_race --track marine_race_arena/tracks/marine_race_mixed_endurance.json --benchmark-task clean_gate --controller rule_gate_baseline --adapter holoocean --seed 0 --dt 0.033 --log-dir results\onboard_only_validation\final_20260715\clean\mixed\rule_gate_baseline\runs\run_001_seed_0 --duration 1300.0 --obstacles none --current-profile none --motion-compensation none --official
clean/mixed/rule_gate_baseline/runs/run_002_seed_1,clean,,benchmark,Marine Race Mixed Endurance,marine_race_arena/tracks/marine_race_mixed_endurance.json,rule_gate_baseline,"[""rule_gate_baseline""]",,none,1,FINISHED,22,22,391.974,391.974,0.0,0,0,0,0,0,True,,,,,,holoocean,False,e7d3107784ea53056febcc3966b267ef59ee6d0f24d523c5c9b9446efca044b8,clean/mixed/rule_gate_baseline/runs/run_002_seed_1/Marine_Race_Mixed_Endurance_20260715_182935_summary.json,clean/mixed/rule_gate_baseline/runs/run_002_seed_1/Marine_Race_Mixed_Endurance_20260715_182935.jsonl,conda run -n ocean python -m marine_race_arena.scripts.run_marine_race --track marine_race_arena/tracks/marine_race_mixed_endurance.json --benchmark-task clean_gate --controller rule_gate_baseline --adapter holoocean --seed 1 --dt 0.033 --log-dir results\onboard_only_validation\final_20260715\clean\mixed\rule_gate_baseline\runs\run_002_seed_1 --duration 1300.0 --obstacles none --current-profile none --motion-compensation none --official
clean/mixed/rule_gate_baseline/runs/run_003_seed_2,clean,,benchmark,Marine Race Mixed Endurance,marine_race_arena/tracks/marine_race_mixed_endurance.json,rule_gate_baseline,"[""rule_gate_baseline""]",,none,2,DNF,22,21,,,0.0,0,0,0,0,0,False,,,,,,holoocean,False,e7d3107784ea53056febcc3966b267ef59ee6d0f24d523c5c9b9446efca044b8,clean/mixed/rule_gate_baseline/runs/run_003_seed_2/Marine_Race_Mixed_Endurance_20260715_183811_summary.json,clean/mixed/rule_gate_baseline/runs/run_003_seed_2/Marine_Race_Mixed_Endurance_20260715_183811.jsonl,conda run -n ocean python -m marine_race_arena.scripts.run_marine_race --track marine_race_arena/tracks/marine_race_mixed_endurance.json --benchmark-task clean_gate --controller rule_gate_baseline --adapter holoocean --seed 2 --dt 0.033 --log-dir results\onboard_only_validation\final_20260715\clean\mixed\rule_gate_baseline\runs\run_003_seed_2 --duration 1300.0 --obstacles none --current-profile none --motion-compensation none --official
clean/mixed/rule_gate_baseline/runs/run_004_seed_3,clean,,benchmark,Marine Race Mixed Endurance,marine_race_arena/tracks/marine_race_mixed_endurance.json,rule_gate_baseline,"[""rule_gate_baseline""]",,none,3,DNF,22,13,,,0.0,0,0,0,0,0,False,,,,,,holoocean,False,e7d3107784ea53056febcc3966b267ef59ee6d0f24d523c5c9b9446efca044b8,clean/mixed/rule_gate_baseline/runs/run_004_seed_3/Marine_Race_Mixed_Endurance_20260715_184719_summary.json,clean/mixed/rule_gate_baseline/runs/run_004_seed_3/Marine_Race_Mixed_Endurance_20260715_184719.jsonl,conda run -n ocean python -m marine_race_arena.scripts.run_marine_race --track marine_race_arena/tracks/marine_race_mixed_endurance.json --benchmark-task clean_gate --controller rule_gate_baseline --adapter holoocean --seed 3 --dt 0.033 --log-dir results\onboard_only_validation\final_20260715\clean\mixed\rule_gate_baseline\runs\run_004_seed_3 --duration 1300.0 --obstacles none --current-profile none --motion-compensation none --official
clean/mixed/rule_gate_baseline/runs/run_005_seed_4,clean,,benchmark,Marine Race Mixed Endurance,marine_race_arena/tracks/marine_race_mixed_endurance.json,rule_gate_baseline,"[""rule_gate_baseline""]",,none,4,FINISHED,22,22,397.51800000000003,397.51800000000003,0.0,0,0,0,0,0,True,,,,,,holoocean,False,e7d3107784ea53056febcc3966b267ef59ee6d0f24d523c5c9b9446efca044b8,clean/mixed/rule_gate_baseline/runs/run_005_seed_4/Marine_Race_Mixed_Endurance_20260715_185317_summary.json,clean/mixed/rule_gate_baseline/runs/run_005_seed_4/Marine_Race_Mixed_Endurance_20260715_185317.jsonl,conda run -n ocean python -m marine_race_arena.scripts.run_marine_race --track marine_race_arena/tracks/marine_race_mixed_endurance.json --benchmark-task clean_gate --controller rule_gate_baseline --adapter holoocean --seed 4 --dt 0.033 --log-dir results\onboard_only_validation\final_20260715\clean\mixed\rule_gate_baseline\runs\run_005_seed_4 --duration 1300.0 --obstacles none --current-profile none --motion-compensation none --official
clean/mixed/rule_gate_center_then_commit/runs/run_001_seed_0,clean,,benchmark,Marine Race Mixed Endurance,marine_race_arena/tracks/marine_race_mixed_endurance.json,rule_gate_center_then_commit,"[""rule_gate_center_then_commit""]",,none,0,FINISHED,22,22,417.45,417.45,0.0,0,0,0,0,0,True,,,,,,holoocean,False,e7d3107784ea53056febcc3966b267ef59ee6d0f24d523c5c9b9446efca044b8,clean/mixed/rule_gate_center_then_commit/runs/run_001_seed_0/Marine_Race_Mixed_Endurance_20260715_190313_summary.json,clean/mixed/rule_gate_center_then_commit/runs/run_001_seed_0/Marine_Race_Mixed_Endurance_20260715_190313.jsonl,conda run -n ocean python -m marine_race_arena.scripts.run_marine_race --track marine_race_arena/tracks/marine_race_mixed_endurance.json --benchmark-task clean_gate --controller rule_gate_center_then_commit --adapter holoocean --seed 0 --dt 0.033 --log-dir results\onboard_only_validation\final_20260715\clean\mixed\rule_gate_center_then_commit\runs\run_001_seed_0 --duration 1300.0 --obstacles none --current-profile none --motion-compensation none --official
clean/mixed/rule_gate_center_then_commit/runs/run_002_seed_1,clean,,benchmark,Marine Race Mixed Endurance,marine_race_arena/tracks/marine_race_mixed_endurance.json,rule_gate_center_then_commit,"[""rule_gate_center_then_commit""]",,none,1,FINISHED,22,22,404.019,404.019,0.0,0,0,0,0,0,True,,,,,,holoocean,False,e7d3107784ea53056febcc3966b267ef59ee6d0f24d523c5c9b9446efca044b8,clean/mixed/rule_gate_center_then_commit/runs/run_002_seed_1/Marine_Race_Mixed_Endurance_20260715_191220_summary.json,clean/mixed/rule_gate_center_then_commit/runs/run_002_seed_1/Marine_Race_Mixed_Endurance_20260715_191220.jsonl,conda run -n ocean python -m marine_race_arena.scripts.run_marine_race --track marine_race_arena/tracks/marine_race_mixed_endurance.json --benchmark-task clean_gate --controller rule_gate_center_then_commit --adapter holoocean --seed 1 --dt 0.033 --log-dir results\onboard_only_validation\final_20260715\clean\mixed\rule_gate_center_then_commit\runs\run_002_seed_1 --duration 1300.0 --obstacles none --current-profile none --motion-compensation none --official
clean/mixed/rule_gate_center_then_commit/runs/run_003_seed_2,clean,,benchmark,Marine Race Mixed Endurance,marine_race_arena/tracks/marine_race_mixed_endurance.json,rule_gate_center_then_commit,"[""rule_gate_center_then_commit""]",,none,2,FINISHED,22,22,401.14799999999997,401.14799999999997,0.0,0,0,0,0,0,True,,,,,,holoocean,False,e7d3107784ea53056febcc3966b267ef59ee6d0f24d523c5c9b9446efca044b8,clean/mixed/rule_gate_center_then_commit/runs/run_003_seed_2/Marine_Race_Mixed_Endurance_20260715_192110_summary.json,clean/mixed/rule_gate_center_then_commit/runs/run_003_seed_2/Marine_Race_Mixed_Endurance_20260715_192110.jsonl,conda run -n ocean python -m marine_race_arena.scripts.run_marine_race --track marine_race_arena/tracks/marine_race_mixed_endurance.json --benchmark-task clean_gate --controller rule_gate_center_then_commit --adapter holoocean --seed 2 --dt 0.033 --log-dir results\onboard_only_validation\final_20260715\clean\mixed\rule_gate_center_then_commit\runs\run_003_seed_2 --duration 1300.0 --obstacles none --current-profile none --motion-compensation none --official
clean/mixed/rule_gate_center_then_commit/runs/run_004_seed_3,clean,,benchmark,Marine Race Mixed Endurance,marine_race_arena/tracks/marine_race_mixed_endurance.json,rule_gate_center_then_commit,"[""rule_gate_center_then_commit""]",,none,3,FINISHED,22,22,408.87,408.87,0.0,0,0,0,0,0,True,,,,,,holoocean,False,e7d3107784ea53056febcc3966b267ef59ee6d0f24d523c5c9b9446efca044b8,clean/mixed/rule_gate_center_then_commit/runs/run_004_seed_3/Marine_Race_Mixed_Endurance_20260715_192953_summary.json,clean/mixed/rule_gate_center_then_commit/runs/run_004_seed_3/Marine_Race_Mixed_Endurance_20260715_192953.jsonl,conda run -n ocean python -m marine_race_arena.scripts.run_marine_race --track marine_race_arena/tracks/marine_race_mixed_endurance.json --benchmark-task clean_gate --controller rule_gate_center_then_commit --adapter holoocean --seed 3 --dt 0.033 --log-dir results\onboard_only_validation\final_20260715\clean\mixed\rule_gate_center_then_commit\runs\run_004_seed_3 --duration 1300.0 --obstacles none --current-profile none --motion-compensation none --official
clean/mixed/rule_gate_center_then_commit/runs/run_005_seed_4,clean,,benchmark,Marine Race Mixed Endurance,marine_race_arena/tracks/marine_race_mixed_endurance.json,rule_gate_center_then_commit,"[""rule_gate_center_then_commit""]",,none,4,FINISHED,22,22,421.806,421.806,0.0,0,0,0,0,0,True,,,,,,holoocean,False,e7d3107784ea53056febcc3966b267ef59ee6d0f24d523c5c9b9446efca044b8,clean/mixed/rule_gate_center_then_commit/runs/run_005_seed_4/Marine_Race_Mixed_Endurance_20260715_193837_summary.json,clean/mixed/rule_gate_center_then_commit/runs/run_005_seed_4/Marine_Race_Mixed_Endurance_20260715_193837.jsonl,conda run -n ocean python -m marine_race_arena.scripts.run_marine_race --track marine_race_arena/tracks/marine_race_mixed_endurance.json --benchmark-task clean_gate --controller rule_gate_center_then_commit --adapter holoocean --seed 4 --dt 0.033 --log-dir results\onboard_only_validation\final_20260715\clean\mixed\rule_gate_center_then_commit\runs\run_005_seed_4 --duration 1300.0 --obstacles none --current-profile none --motion-compensation none --official
clean/vertical/rule_gate_baseline/runs/run_001_seed_0,clean,,benchmark,Marine Race Vertical Serpent,marine_race_arena/tracks/marine_race_vertical_serpent.json,rule_gate_baseline,"[""rule_gate_baseline""]",,none,0,FINISHED,17,17,228.129,228.129,0.0,0,0,0,0,0,True,,,,,,holoocean,False,e7d3107784ea53056febcc3966b267ef59ee6d0f24d523c5c9b9446efca044b8,clean/vertical/rule_gate_baseline/runs/run_001_seed_0/Marine_Race_Vertical_Serpent_20260715_173355_summary.json,clean/vertical/rule_gate_baseline/runs/run_001_seed_0/Marine_Race_Vertical_Serpent_20260715_173355.jsonl,conda run -n ocean python -m marine_race_arena.scripts.run_marine_race --track marine_race_arena/tracks/marine_race_vertical_serpent.json --benchmark-task clean_gate --controller rule_gate_baseline --adapter holoocean --seed 0 --dt 0.033 --log-dir results\onboard_only_validation\final_20260715\clean\vertical\rule_gate_baseline\runs\run_001_seed_0 --duration 900.0 --obstacles none --current-profile none --motion-compensation none --official
clean/vertical/rule_gate_baseline/runs/run_002_seed_1,clean,,benchmark,Marine Race Vertical Serpent,marine_race_arena/tracks/marine_race_vertical_serpent.json,rule_gate_baseline,"[""rule_gate_baseline""]",,none,1,FINISHED,17,17,239.25,239.25,0.0,0,0,0,0,0,True,,,,,,holoocean,False,e7d3107784ea53056febcc3966b267ef59ee6d0f24d523c5c9b9446efca044b8,clean/vertical/rule_gate_baseline/runs/run_002_seed_1/Marine_Race_Vertical_Serpent_20260715_173908_summary.json,clean/vertical/rule_gate_baseline/runs/run_002_seed_1/Marine_Race_Vertical_Serpent_20260715_173908.jsonl,conda run -n ocean python -m marine_race_arena.scripts.run_marine_race --track marine_race_arena/tracks/marine_race_vertical_serpent.json --benchmark-task clean_gate --controller rule_gate_baseline --adapter holoocean --seed 1 --dt 0.033 --log-dir results\onboard_only_validation\final_20260715\clean\vertical\rule_gate_baseline\runs\run_002_seed_1 --duration 900.0 --obstacles none --current-profile none --motion-compensation none --official
clean/vertical/rule_gate_baseline/runs/run_003_seed_2,clean,,benchmark,Marine Race Vertical Serpent,marine_race_arena/tracks/marine_race_vertical_serpent.json,rule_gate_baseline,"[""rule_gate_baseline""]",,none,2,FINISHED,17,17,240.43800000000002,240.43800000000002,0.0,0,0,0,0,0,True,,,,,,holoocean,False,e7d3107784ea53056febcc3966b267ef59ee6d0f24d523c5c9b9446efca044b8,clean/vertical/rule_gate_baseline/runs/run_003_seed_2/Marine_Race_Vertical_Serpent_20260715_174425_summary.json,clean/vertical/rule_gate_baseline/runs/run_003_seed_2/Marine_Race_Vertical_Serpent_20260715_174425.jsonl,conda run -n ocean python -m marine_race_arena.scripts.run_marine_race --track marine_race_arena/tracks/marine_race_vertical_serpent.json --benchmark-task clean_gate --controller rule_gate_baseline --adapter holoocean --seed 2 --dt 0.033 --log-dir results\onboard_only_validation\final_20260715\clean\vertical\rule_gate_baseline\runs\run_003_seed_2 --duration 900.0 --obstacles none --current-profile none --motion-compensation none --official
clean/vertical/rule_gate_baseline/runs/run_004_seed_3,clean,,benchmark,Marine Race Vertical Serpent,marine_race_arena/tracks/marine_race_vertical_serpent.json,rule_gate_baseline,"[""rule_gate_baseline""]",,none,3,FINISHED,17,17,244.167,244.167,0.0,0,0,0,0,0,True,,,,,,holoocean,False,e7d3107784ea53056febcc3966b267ef59ee6d0f24d523c5c9b9446efca044b8,clean/vertical/rule_gate_baseline/runs/run_004_seed_3/Marine_Race_Vertical_Serpent_20260715_174946_summary.json,clean/vertical/rule_gate_baseline/runs/run_004_seed_3/Marine_Race_Vertical_Serpent_20260715_174946.jsonl,conda run -n ocean python -m marine_race_arena.scripts.run_marine_race --track marine_race_arena/tracks/marine_race_vertical_serpent.json --benchmark-task clean_gate --controller rule_gate_baseline --adapter holoocean --seed 3 --dt 0.033 --log-dir results\onboard_only_validation\final_20260715\clean\vertical\rule_gate_baseline\runs\run_004_seed_3 --duration 900.0 --obstacles none --current-profile none --motion-compensation none --official
clean/vertical/rule_gate_baseline/runs/run_005_seed_4,clean,,benchmark,Marine Race Vertical Serpent,marine_race_arena/tracks/marine_race_vertical_serpent.json,rule_gate_baseline,"[""rule_gate_baseline""]",,none,4,FINISHED,17,17,232.74900000000002,232.74900000000002,0.0,0,0,0,0,0,True,,,,,,holoocean,False,e7d3107784ea53056febcc3966b267ef59ee6d0f24d523c5c9b9446efca044b8,clean/vertical/rule_gate_baseline/runs/run_005_seed_4/Marine_Race_Vertical_Serpent_20260715_175512_summary.json,clean/vertical/rule_gate_baseline/runs/run_005_seed_4/Marine_Race_Vertical_Serpent_20260715_175512.jsonl,conda run -n ocean python -m marine_race_arena.scripts.run_marine_race --track marine_race_arena/tracks/marine_race_vertical_serpent.json --benchmark-task clean_gate --controller rule_gate_baseline --adapter holoocean --seed 4 --dt 0.033 --log-dir results\onboard_only_validation\final_20260715\clean\vertical\rule_gate_baseline\runs\run_005_seed_4 --duration 900.0 --obstacles none --current-profile none --motion-compensation none --official
clean/vertical/rule_gate_center_then_commit/runs/run_001_seed_0,clean,,benchmark,Marine Race Vertical Serpent,marine_race_arena/tracks/marine_race_vertical_serpent.json,rule_gate_center_then_commit,"[""rule_gate_center_then_commit""]",,none,0,FINISHED,17,17,238.59,238.59,0.0,0,0,0,0,0,True,,,,,,holoocean,False,e7d3107784ea53056febcc3966b267ef59ee6d0f24d523c5c9b9446efca044b8,clean/vertical/rule_gate_center_then_commit/runs/run_001_seed_0/Marine_Race_Vertical_Serpent_20260715_180114_summary.json,clean/vertical/rule_gate_center_then_commit/runs/run_001_seed_0/Marine_Race_Vertical_Serpent_20260715_180114.jsonl,conda run -n ocean python -m marine_race_arena.scripts.run_marine_race --track marine_race_arena/tracks/marine_race_vertical_serpent.json --benchmark-task clean_gate --controller rule_gate_center_then_commit --adapter holoocean --seed 0 --dt 0.033 --log-dir results\onboard_only_validation\final_20260715\clean\vertical\rule_gate_center_then_commit\runs\run_001_seed_0 --duration 900.0 --obstacles none --current-profile none --motion-compensation none --official
clean/vertical/rule_gate_center_then_commit/runs/run_002_seed_1,clean,,benchmark,Marine Race Vertical Serpent,marine_race_arena/tracks/marine_race_vertical_serpent.json,rule_gate_center_then_commit,"[""rule_gate_center_then_commit""]",,none,1,DNF,17,6,,,0.0,0,0,0,0,0,False,,,,,,holoocean,False,e7d3107784ea53056febcc3966b267ef59ee6d0f24d523c5c9b9446efca044b8,clean/vertical/rule_gate_center_then_commit/runs/run_002_seed_1/Marine_Race_Vertical_Serpent_20260715_180631_summary.json,clean/vertical/rule_gate_center_then_commit/runs/run_002_seed_1/Marine_Race_Vertical_Serpent_20260715_180631.jsonl,conda run -n ocean python -m marine_race_arena.scripts.run_marine_race --track marine_race_arena/tracks/marine_race_vertical_serpent.json --benchmark-task clean_gate --controller rule_gate_center_then_commit --adapter holoocean --seed 1 --dt 0.033 --log-dir results\onboard_only_validation\final_20260715\clean\vertical\rule_gate_center_then_commit\runs\run_002_seed_1 --duration 900.0 --obstacles none --current-profile none --motion-compensation none --official
clean/vertical/rule_gate_center_then_commit/runs/run_003_seed_2,clean,,benchmark,Marine Race Vertical Serpent,marine_race_arena/tracks/marine_race_vertical_serpent.json,rule_gate_center_then_commit,"[""rule_gate_center_then_commit""]",,none,2,FINISHED,17,17,242.74800000000002,242.74800000000002,0.0,0,0,0,0,0,True,,,,,,holoocean,False,e7d3107784ea53056febcc3966b267ef59ee6d0f24d523c5c9b9446efca044b8,clean/vertical/rule_gate_center_then_commit/runs/run_003_seed_2/Marine_Race_Vertical_Serpent_20260715_180913_summary.json,clean/vertical/rule_gate_center_then_commit/runs/run_003_seed_2/Marine_Race_Vertical_Serpent_20260715_180913.jsonl,conda run -n ocean python -m marine_race_arena.scripts.run_marine_race --track marine_race_arena/tracks/marine_race_vertical_serpent.json --benchmark-task clean_gate --controller rule_gate_center_then_commit --adapter holoocean --seed 2 --dt 0.033 --log-dir results\onboard_only_validation\final_20260715\clean\vertical\rule_gate_center_then_commit\runs\run_003_seed_2 --duration 900.0 --obstacles none --current-profile none --motion-compensation none --official
clean/vertical/rule_gate_center_then_commit/runs/run_004_seed_3,clean,,benchmark,Marine Race Vertical Serpent,marine_race_arena/tracks/marine_race_vertical_serpent.json,rule_gate_center_then_commit,"[""rule_gate_center_then_commit""]",,none,3,FINISHED,17,17,241.98899999999998,241.98899999999998,0.0,0,0,0,0,0,True,,,,,,holoocean,False,e7d3107784ea53056febcc3966b267ef59ee6d0f24d523c5c9b9446efca044b8,clean/vertical/rule_gate_center_then_commit/runs/run_004_seed_3/Marine_Race_Vertical_Serpent_20260715_181434_summary.json,clean/vertical/rule_gate_center_then_commit/runs/run_004_seed_3/Marine_Race_Vertical_Serpent_20260715_181434.jsonl,conda run -n ocean python -m marine_race_arena.scripts.run_marine_race --track marine_race_arena/tracks/marine_race_vertical_serpent.json --benchmark-task clean_gate --controller rule_gate_center_then_commit --adapter holoocean --seed 3 --dt 0.033 --log-dir results\onboard_only_validation\final_20260715\clean\vertical\rule_gate_center_then_commit\runs\run_004_seed_3 --duration 900.0 --obstacles none --current-profile none --motion-compensation none --official
clean/vertical/rule_gate_center_then_commit/runs/run_005_seed_4,clean,,benchmark,Marine Race Vertical Serpent,marine_race_arena/tracks/marine_race_vertical_serpent.json,rule_gate_center_then_commit,"[""rule_gate_center_then_commit""]",,none,4,FINISHED,17,17,241.23000000000002,241.23000000000002,0.0,0,0,0,0,0,True,,,,,,holoocean,False,e7d3107784ea53056febcc3966b267ef59ee6d0f24d523c5c9b9446efca044b8,clean/vertical/rule_gate_center_then_commit/runs/run_005_seed_4/Marine_Race_Vertical_Serpent_20260715_181956_summary.json,clean/vertical/rule_gate_center_then_commit/runs/run_005_seed_4/Marine_Race_Vertical_Serpent_20260715_181956.jsonl,conda run -n ocean python -m marine_race_arena.scripts.run_marine_race --track marine_race_arena/tracks/marine_race_vertical_serpent.json --benchmark-task clean_gate --controller rule_gate_center_then_commit --adapter holoocean --seed 4 --dt 0.033 --log-dir results\onboard_only_validation\final_20260715\clean\vertical\rule_gate_center_then_commit\runs\run_005_seed_4 --duration 900.0 --obstacles none --current-profile none --motion-compensation none --official
coordination/main/gap_0/diagnostic/seed_0/leader_follower,coordination,main,coordination,Marine Race Horseshoe Bay,marine_race_arena/tracks/marine_race_horseshoe_bay.json,leader_follower(rule_gate_baseline); leader_follower(rule_gate_center_then_commit); leader_follower(rule_gate_center_then_commit),"[""leader_follower(rule_gate_baseline)"",""leader_follower(rule_gate_center_then_commit)"",""leader_follower(rule_gate_center_then_commit)""]",leader_follower,none,0,FINISHED,36,36,,,15.0,0,0,0,0,1,True,0.0,2,2,289.245,304.245,holoocean,False,e7d3107784ea53056febcc3966b267ef59ee6d0f24d523c5c9b9446efca044b8,coordination/main/gap_0/diagnostic/seed_0/leader_follower/Marine_Race_Horseshoe_Bay_20260716_064228_summary.json,coordination/main/gap_0/diagnostic/seed_0/leader_follower/Marine_Race_Horseshoe_Bay_20260716_064228.jsonl,conda run -n ocean python -m marine_race_arena.scripts.run_holoocean_coordination_validation --track marine_race_arena/tracks/marine_race_horseshoe_bay.json --team-size 3 --start-gap-s 0.0 --lateral-offset-m 1.5 --seeds 0 --inter-vehicle-modes diagnostic --conditions leader_follower --min-gate-gap 2 --comms-packet-loss-prob 0.0 --duration-s 560.0 --dt 0.033 --team-id holoocean_coordination --headless --output-dir results\onboard_only_validation\final_20260715\coordination\main\gap_0\diagnostic\seed_0\leader_follower\reproduction --log-participant-states
coordination/main/gap_0/diagnostic/seed_0/no_coordination,coordination,main,coordination,Marine Race Horseshoe Bay,marine_race_arena/tracks/marine_race_horseshoe_bay.json,rule_gate_baseline; rule_gate_center_then_commit; rule_gate_center_then_commit,"[""rule_gate_baseline"",""rule_gate_center_then_commit"",""rule_gate_center_then_commit""]",no_coordination,none,0,FINISHED,36,36,,,20.0,4,0,0,2,0,True,0.0,2,,217.107,237.107,holoocean,False,e7d3107784ea53056febcc3966b267ef59ee6d0f24d523c5c9b9446efca044b8,coordination/main/gap_0/diagnostic/seed_0/no_coordination/Marine_Race_Horseshoe_Bay_20260716_063355_summary.json,coordination/main/gap_0/diagnostic/seed_0/no_coordination/Marine_Race_Horseshoe_Bay_20260716_063355.jsonl,conda run -n ocean python -m marine_race_arena.scripts.run_holoocean_coordination_validation --track marine_race_arena/tracks/marine_race_horseshoe_bay.json --team-size 3 --start-gap-s 0.0 --lateral-offset-m 1.5 --seeds 0 --inter-vehicle-modes diagnostic --conditions no_coordination --min-gate-gap 2 --comms-packet-loss-prob 0.0 --duration-s 560.0 --dt 0.033 --team-id holoocean_coordination --headless --output-dir results\onboard_only_validation\final_20260715\coordination\main\gap_0\diagnostic\seed_0\no_coordination\reproduction --log-participant-states
coordination/main/gap_0/diagnostic/seed_1/leader_follower,coordination,main,coordination,Marine Race Horseshoe Bay,marine_race_arena/tracks/marine_race_horseshoe_bay.json,leader_follower(rule_gate_baseline); leader_follower(rule_gate_center_then_commit); leader_follower(rule_gate_center_then_commit),"[""leader_follower(rule_gate_baseline)"",""leader_follower(rule_gate_center_then_commit)"",""leader_follower(rule_gate_center_then_commit)""]",leader_follower,none,1,FINISHED,36,36,,,15.0,0,0,0,0,1,True,0.0,2,2,286.803,301.803,holoocean,False,e7d3107784ea53056febcc3966b267ef59ee6d0f24d523c5c9b9446efca044b8,coordination/main/gap_0/diagnostic/seed_1/leader_follower/Marine_Race_Horseshoe_Bay_20260716_070236_summary.json,coordination/main/gap_0/diagnostic/seed_1/leader_follower/Marine_Race_Horseshoe_Bay_20260716_070236.jsonl,conda run -n ocean python -m marine_race_arena.scripts.run_holoocean_coordination_validation --track marine_race_arena/tracks/marine_race_horseshoe_bay.json --team-size 3 --start-gap-s 0.0 --lateral-offset-m 1.5 --seeds 1 --inter-vehicle-modes diagnostic --conditions leader_follower --min-gate-gap 2 --comms-packet-loss-prob 0.0 --duration-s 560.0 --dt 0.033 --team-id holoocean_coordination --headless --output-dir results\onboard_only_validation\final_20260715\coordination\main\gap_0\diagnostic\seed_1\leader_follower\reproduction --log-participant-states
coordination/main/gap_0/diagnostic/seed_1/no_coordination,coordination,main,coordination,Marine Race Horseshoe Bay,marine_race_arena/tracks/marine_race_horseshoe_bay.json,rule_gate_baseline; rule_gate_center_then_commit; rule_gate_center_then_commit,"[""rule_gate_baseline"",""rule_gate_center_then_commit"",""rule_gate_center_then_commit""]",no_coordination,none,1,FINISHED,36,36,,,0.0,0,0,0,1,0,True,0.0,2,,222.057,222.057,holoocean,False,e7d3107784ea53056febcc3966b267ef59ee6d0f24d523c5c9b9446efca044b8,coordination/main/gap_0/diagnostic/seed_1/no_coordination/Marine_Race_Horseshoe_Bay_20260716_065351_summary.json,coordination/main/gap_0/diagnostic/seed_1/no_coordination/Marine_Race_Horseshoe_Bay_20260716_065351.jsonl,conda run -n ocean python -m marine_race_arena.scripts.run_holoocean_coordination_validation --track marine_race_arena/tracks/marine_race_horseshoe_bay.json --team-size 3 --start-gap-s 0.0 --lateral-offset-m 1.5 --seeds 1 --inter-vehicle-modes diagnostic --conditions no_coordination --min-gate-gap 2 --comms-packet-loss-prob 0.0 --duration-s 560.0 --dt 0.033 --team-id holoocean_coordination --headless --output-dir results\onboard_only_validation\final_20260715\coordination\main\gap_0\diagnostic\seed_1\no_coordination\reproduction --log-participant-states
coordination/main/gap_0/diagnostic/seed_2/leader_follower,coordination,main,coordination,Marine Race Horseshoe Bay,marine_race_arena/tracks/marine_race_horseshoe_bay.json,leader_follower(rule_gate_baseline); leader_follower(rule_gate_center_then_commit); leader_follower(rule_gate_center_then_commit),"[""leader_follower(rule_gate_baseline)"",""leader_follower(rule_gate_center_then_commit)"",""leader_follower(rule_gate_center_then_commit)""]",leader_follower,none,2,FINISHED,36,36,,,15.0,0,0,0,0,1,True,0.0,2,2,288.882,303.882,holoocean,False,e7d3107784ea53056febcc3966b267ef59ee6d0f24d523c5c9b9446efca044b8,coordination/main/gap_0/diagnostic/seed_2/leader_follower/Marine_Race_Horseshoe_Bay_20260716_072234_summary.json,coordination/main/gap_0/diagnostic/seed_2/leader_follower/Marine_Race_Horseshoe_Bay_20260716_072234.jsonl,conda run -n ocean python -m marine_race_arena.scripts.run_holoocean_coordination_validation --track marine_race_arena/tracks/marine_race_horseshoe_bay.json --team-size 3 --start-gap-s 0.0 --lateral-offset-m 1.5 --seeds 2 --inter-vehicle-modes diagnostic --conditions leader_follower --min-gate-gap 2 --comms-packet-loss-prob 0.0 --duration-s 560.0 --dt 0.033 --team-id holoocean_coordination --headless --output-dir results\onboard_only_validation\final_20260715\coordination\main\gap_0\diagnostic\seed_2\leader_follower\reproduction --log-participant-states
coordination/main/gap_0/diagnostic/seed_2/no_coordination,coordination,main,coordination,Marine Race Horseshoe Bay,marine_race_arena/tracks/marine_race_horseshoe_bay.json,rule_gate_baseline; rule_gate_center_then_commit; rule_gate_center_then_commit,"[""rule_gate_baseline"",""rule_gate_center_then_commit"",""rule_gate_center_then_commit""]",no_coordination,none,2,FINISHED,36,36,,,120.0,24,0,0,4,0,True,0.0,2,,219.912,339.91200000000003,holoocean,False,e7d3107784ea53056febcc3966b267ef59ee6d0f24d523c5c9b9446efca044b8,coordination/main/gap_0/diagnostic/seed_2/no_coordination/Marine_Race_Horseshoe_Bay_20260716_071346_summary.json,coordination/main/gap_0/diagnostic/seed_2/no_coordination/Marine_Race_Horseshoe_Bay_20260716_071346.jsonl,conda run -n ocean python -m marine_race_arena.scripts.run_holoocean_coordination_validation --track marine_race_arena/tracks/marine_race_horseshoe_bay.json --team-size 3 --start-gap-s 0.0 --lateral-offset-m 1.5 --seeds 2 --inter-vehicle-modes diagnostic --conditions no_coordination --min-gate-gap 2 --comms-packet-loss-prob 0.0 --duration-s 560.0 --dt 0.033 --team-id holoocean_coordination --headless --output-dir results\onboard_only_validation\final_20260715\coordination\main\gap_0\diagnostic\seed_2\no_coordination\reproduction --log-participant-states
coordination/main/gap_8/diagnostic/seed_0/leader_follower,coordination,main,coordination,Marine Race Horseshoe Bay,marine_race_arena/tracks/marine_race_horseshoe_bay.json,leader_follower(rule_gate_baseline); leader_follower(rule_gate_center_then_commit); leader_follower(rule_gate_center_then_commit),"[""leader_follower(rule_gate_baseline)"",""leader_follower(rule_gate_center_then_commit)"",""leader_follower(rule_gate_center_then_commit)""]",leader_follower,none,0,FINISHED,36,36,,,0.0,0,0,0,0,0,True,8.0,2,2,284.79,284.79,holoocean,False,e7d3107784ea53056febcc3966b267ef59ee6d0f24d523c5c9b9446efca044b8,coordination/main/gap_8/diagnostic/seed_0/leader_follower/Marine_Race_Horseshoe_Bay_20260716_053719_summary.json,coordination/main/gap_8/diagnostic/seed_0/leader_follower/Marine_Race_Horseshoe_Bay_20260716_053719.jsonl,conda run -n ocean python -m marine_race_arena.scripts.run_holoocean_coordination_validation --track marine_race_arena/tracks/marine_race_horseshoe_bay.json --team-size 3 --start-gap-s 8.0 --lateral-offset-m 1.5 --seeds 0 --inter-vehicle-modes diagnostic --conditions leader_follower --min-gate-gap 2 --comms-packet-loss-prob 0.0 --duration-s 560.0 --dt 0.033 --team-id holoocean_coordination --headless --output-dir results\onboard_only_validation\final_20260715\coordination\main\gap_8\diagnostic\seed_0\leader_follower\reproduction --log-participant-states
coordination/main/gap_8/diagnostic/seed_0/no_coordination,coordination,main,coordination,Marine Race Horseshoe Bay,marine_race_arena/tracks/marine_race_horseshoe_bay.json,rule_gate_baseline; rule_gate_center_then_commit; rule_gate_center_then_commit,"[""rule_gate_baseline"",""rule_gate_center_then_commit"",""rule_gate_center_then_commit""]",no_coordination,none,0,1/3 FINISHED,36,31,,,1290.0,258,0,0,5,0,False,8.0,2,,,,holoocean,False,e7d3107784ea53056febcc3966b267ef59ee6d0f24d523c5c9b9446efca044b8,coordination/main/gap_8/diagnostic/seed_0/no_coordination/Marine_Race_Horseshoe_Bay_20260716_051620_summary.json,coordination/main/gap_8/diagnostic/seed_0/no_coordination/Marine_Race_Horseshoe_Bay_20260716_051620.jsonl,conda run -n ocean python -m marine_race_arena.scripts.run_holoocean_coordination_validation --track marine_race_arena/tracks/marine_race_horseshoe_bay.json --team-size 3 --start-gap-s 8.0 --lateral-offset-m 1.5 --seeds 0 --inter-vehicle-modes diagnostic --conditions no_coordination --min-gate-gap 2 --comms-packet-loss-prob 0.0 --duration-s 560.0 --dt 0.033 --team-id holoocean_coordination --headless --output-dir results\onboard_only_validation\final_20260715\coordination\main\gap_8\diagnostic\seed_0\no_coordination\reproduction --log-participant-states
coordination/main/gap_8/diagnostic/seed_1/leader_follower,coordination,main,coordination,Marine Race Horseshoe Bay,marine_race_arena/tracks/marine_race_horseshoe_bay.json,leader_follower(rule_gate_baseline); leader_follower(rule_gate_center_then_commit); leader_follower(rule_gate_center_then_commit),"[""leader_follower(rule_gate_baseline)"",""leader_follower(rule_gate_center_then_commit)"",""leader_follower(rule_gate_center_then_commit)""]",leader_follower,none,1,FINISHED,36,36,,,0.0,0,0,0,0,0,True,8.0,2,2,289.938,289.938,holoocean,False,e7d3107784ea53056febcc3966b267ef59ee6d0f24d523c5c9b9446efca044b8,coordination/main/gap_8/diagnostic/seed_1/leader_follower/Marine_Race_Horseshoe_Bay_20260716_055744_summary.json,coordination/main/gap_8/diagnostic/seed_1/leader_follower/Marine_Race_Horseshoe_Bay_20260716_055744.jsonl,conda run -n ocean python -m marine_race_arena.scripts.run_holoocean_coordination_validation --track marine_race_arena/tracks/marine_race_horseshoe_bay.json --team-size 3 --start-gap-s 8.0 --lateral-offset-m 1.5 --seeds 1 --inter-vehicle-modes diagnostic --conditions leader_follower --min-gate-gap 2 --comms-packet-loss-prob 0.0 --duration-s 560.0 --dt 0.033 --team-id holoocean_coordination --headless --output-dir results\onboard_only_validation\final_20260715\coordination\main\gap_8\diagnostic\seed_1\leader_follower\reproduction --log-participant-states
coordination/main/gap_8/diagnostic/seed_1/no_coordination,coordination,main,coordination,Marine Race Horseshoe Bay,marine_race_arena/tracks/marine_race_horseshoe_bay.json,rule_gate_baseline; rule_gate_center_then_commit; rule_gate_center_then_commit,"[""rule_gate_baseline"",""rule_gate_center_then_commit"",""rule_gate_center_then_commit""]",no_coordination,none,1,FINISHED,36,36,,,0.0,0,0,0,0,0,True,8.0,2,,236.676,236.676,holoocean,False,e7d3107784ea53056febcc3966b267ef59ee6d0f24d523c5c9b9446efca044b8,coordination/main/gap_8/diagnostic/seed_1/no_coordination/Marine_Race_Horseshoe_Bay_20260716_054826_summary.json,coordination/main/gap_8/diagnostic/seed_1/no_coordination/Marine_Race_Horseshoe_Bay_20260716_054826.jsonl,conda run -n ocean python -m marine_race_arena.scripts.run_holoocean_coordination_validation --track marine_race_arena/tracks/marine_race_horseshoe_bay.json --team-size 3 --start-gap-s 8.0 --lateral-offset-m 1.5 --seeds 1 --inter-vehicle-modes diagnostic --conditions no_coordination --min-gate-gap 2 --comms-packet-loss-prob 0.0 --duration-s 560.0 --dt 0.033 --team-id holoocean_coordination --headless --output-dir results\onboard_only_validation\final_20260715\coordination\main\gap_8\diagnostic\seed_1\no_coordination\reproduction --log-participant-states
coordination/main/gap_8/diagnostic/seed_2/leader_follower,coordination,main,coordination,Marine Race Horseshoe Bay,marine_race_arena/tracks/marine_race_horseshoe_bay.json,leader_follower(rule_gate_baseline); leader_follower(rule_gate_center_then_commit); leader_follower(rule_gate_center_then_commit),"[""leader_follower(rule_gate_baseline)"",""leader_follower(rule_gate_center_then_commit)"",""leader_follower(rule_gate_center_then_commit)""]",leader_follower,none,2,FINISHED,36,36,,,0.0,0,0,0,0,0,True,8.0,2,2,282.447,282.447,holoocean,False,e7d3107784ea53056febcc3966b267ef59ee6d0f24d523c5c9b9446efca044b8,coordination/main/gap_8/diagnostic/seed_2/leader_follower/Marine_Race_Horseshoe_Bay_20260716_061936_summary.json,coordination/main/gap_8/diagnostic/seed_2/leader_follower/Marine_Race_Horseshoe_Bay_20260716_061936.jsonl,conda run -n ocean python -m marine_race_arena.scripts.run_holoocean_coordination_validation --track marine_race_arena/tracks/marine_race_horseshoe_bay.json --team-size 3 --start-gap-s 8.0 --lateral-offset-m 1.5 --seeds 2 --inter-vehicle-modes diagnostic --conditions leader_follower --min-gate-gap 2 --comms-packet-loss-prob 0.0 --duration-s 560.0 --dt 0.033 --team-id holoocean_coordination --headless --output-dir results\onboard_only_validation\final_20260715\coordination\main\gap_8\diagnostic\seed_2\leader_follower\reproduction --log-participant-states
coordination/main/gap_8/diagnostic/seed_2/no_coordination,coordination,main,coordination,Marine Race Horseshoe Bay,marine_race_arena/tracks/marine_race_horseshoe_bay.json,rule_gate_baseline; rule_gate_center_then_commit; rule_gate_center_then_commit,"[""rule_gate_baseline"",""rule_gate_center_then_commit"",""rule_gate_center_then_commit""]",no_coordination,none,2,FINISHED,36,36,,,620.0,124,0,0,1,0,True,8.0,2,,271.392,891.392,holoocean,False,e7d3107784ea53056febcc3966b267ef59ee6d0f24d523c5c9b9446efca044b8,coordination/main/gap_8/diagnostic/seed_2/no_coordination/Marine_Race_Horseshoe_Bay_20260716_060901_summary.json,coordination/main/gap_8/diagnostic/seed_2/no_coordination/Marine_Race_Horseshoe_Bay_20260716_060901.jsonl,conda run -n ocean python -m marine_race_arena.scripts.run_holoocean_coordination_validation --track marine_race_arena/tracks/marine_race_horseshoe_bay.json --team-size 3 --start-gap-s 8.0 --lateral-offset-m 1.5 --seeds 2 --inter-vehicle-modes diagnostic --conditions no_coordination --min-gate-gap 2 --comms-packet-loss-prob 0.0 --duration-s 560.0 --dt 0.033 --team-id holoocean_coordination --headless --output-dir results\onboard_only_validation\final_20260715\coordination\main\gap_8\diagnostic\seed_2\no_coordination\reproduction --log-participant-states
coordination/min_gate_gap_1/gap_0/diagnostic/seed_0/leader_follower,coordination,min_gate_gap_1,coordination,Marine Race Horseshoe Bay,marine_race_arena/tracks/marine_race_horseshoe_bay.json,leader_follower(rule_gate_baseline); leader_follower(rule_gate_center_then_commit); leader_follower(rule_gate_center_then_commit),"[""leader_follower(rule_gate_baseline)"",""leader_follower(rule_gate_center_then_commit)"",""leader_follower(rule_gate_center_then_commit)""]",leader_follower,none,0,FINISHED,36,36,,,0.0,0,0,0,0,0,True,0.0,1,1,255.156,255.156,holoocean,False,e7d3107784ea53056febcc3966b267ef59ee6d0f24d523c5c9b9446efca044b8,coordination/min_gate_gap_1/gap_0/diagnostic/seed_0/leader_follower/Marine_Race_Horseshoe_Bay_20260716_080543_summary.json,coordination/min_gate_gap_1/gap_0/diagnostic/seed_0/leader_follower/Marine_Race_Horseshoe_Bay_20260716_080543.jsonl,conda run -n ocean python -m marine_race_arena.scripts.run_holoocean_coordination_validation --track marine_race_arena/tracks/marine_race_horseshoe_bay.json --team-size 3 --start-gap-s 0.0 --lateral-offset-m 1.5 --seeds 0 --inter-vehicle-modes diagnostic --conditions leader_follower --min-gate-gap 1 --comms-packet-loss-prob 0.0 --duration-s 560.0 --dt 0.033 --team-id holoocean_coordination --headless --output-dir results\onboard_only_validation\final_20260715\coordination\min_gate_gap_1\gap_0\diagnostic\seed_0\leader_follower\reproduction --log-participant-states
coordination/min_gate_gap_1/gap_0/diagnostic/seed_1/leader_follower,coordination,min_gate_gap_1,coordination,Marine Race Horseshoe Bay,marine_race_arena/tracks/marine_race_horseshoe_bay.json,leader_follower(rule_gate_baseline); leader_follower(rule_gate_center_then_commit); leader_follower(rule_gate_center_then_commit),"[""leader_follower(rule_gate_baseline)"",""leader_follower(rule_gate_center_then_commit)"",""leader_follower(rule_gate_center_then_commit)""]",leader_follower,none,1,FINISHED,36,36,,,0.0,0,0,0,0,0,True,0.0,1,1,270.468,270.468,holoocean,False,e7d3107784ea53056febcc3966b267ef59ee6d0f24d523c5c9b9446efca044b8,coordination/min_gate_gap_1/gap_0/diagnostic/seed_1/leader_follower/Marine_Race_Horseshoe_Bay_20260716_081537_summary.json,coordination/min_gate_gap_1/gap_0/diagnostic/seed_1/leader_follower/Marine_Race_Horseshoe_Bay_20260716_081537.jsonl,conda run -n ocean python -m marine_race_arena.scripts.run_holoocean_coordination_validation --track marine_race_arena/tracks/marine_race_horseshoe_bay.json --team-size 3 --start-gap-s 0.0 --lateral-offset-m 1.5 --seeds 1 --inter-vehicle-modes diagnostic --conditions leader_follower --min-gate-gap 1 --comms-packet-loss-prob 0.0 --duration-s 560.0 --dt 0.033 --team-id holoocean_coordination --headless --output-dir results\onboard_only_validation\final_20260715\coordination\min_gate_gap_1\gap_0\diagnostic\seed_1\leader_follower\reproduction --log-participant-states
coordination/min_gate_gap_1/gap_0/diagnostic/seed_2/leader_follower,coordination,min_gate_gap_1,coordination,Marine Race Horseshoe Bay,marine_race_arena/tracks/marine_race_horseshoe_bay.json,leader_follower(rule_gate_baseline); leader_follower(rule_gate_center_then_commit); leader_follower(rule_gate_center_then_commit),"[""leader_follower(rule_gate_baseline)"",""leader_follower(rule_gate_center_then_commit)"",""leader_follower(rule_gate_center_then_commit)""]",leader_follower,none,2,FINISHED,36,36,,,0.0,0,0,0,0,0,True,0.0,1,1,261.393,261.393,holoocean,False,e7d3107784ea53056febcc3966b267ef59ee6d0f24d523c5c9b9446efca044b8,coordination/min_gate_gap_1/gap_0/diagnostic/seed_2/leader_follower/Marine_Race_Horseshoe_Bay_20260716_082600_summary.json,coordination/min_gate_gap_1/gap_0/diagnostic/seed_2/leader_follower/Marine_Race_Horseshoe_Bay_20260716_082600.jsonl,conda run -n ocean python -m marine_race_arena.scripts.run_holoocean_coordination_validation --track marine_race_arena/tracks/marine_race_horseshoe_bay.json --team-size 3 --start-gap-s 0.0 --lateral-offset-m 1.5 --seeds 2 --inter-vehicle-modes diagnostic --conditions leader_follower --min-gate-gap 1 --comms-packet-loss-prob 0.0 --duration-s 560.0 --dt 0.033 --team-id holoocean_coordination --headless --output-dir results\onboard_only_validation\final_20260715\coordination\min_gate_gap_1\gap_0\diagnostic\seed_2\leader_follower\reproduction --log-participant-states
coordination/min_gate_gap_1/gap_8/diagnostic/seed_0/leader_follower,coordination,min_gate_gap_1,coordination,Marine Race Horseshoe Bay,marine_race_arena/tracks/marine_race_horseshoe_bay.json,leader_follower(rule_gate_baseline); leader_follower(rule_gate_center_then_commit); leader_follower(rule_gate_center_then_commit),"[""leader_follower(rule_gate_baseline)"",""leader_follower(rule_gate_center_then_commit)"",""leader_follower(rule_gate_center_then_commit)""]",leader_follower,none,0,FINISHED,36,36,,,0.0,0,0,0,0,0,True,8.0,1,1,258.324,258.324,holoocean,False,e7d3107784ea53056febcc3966b267ef59ee6d0f24d523c5c9b9446efca044b8,coordination/min_gate_gap_1/gap_8/diagnostic/seed_0/leader_follower/Marine_Race_Horseshoe_Bay_20260716_073421_summary.json,coordination/min_gate_gap_1/gap_8/diagnostic/seed_0/leader_follower/Marine_Race_Horseshoe_Bay_20260716_073421.jsonl,conda run -n ocean python -m marine_race_arena.scripts.run_holoocean_coordination_validation --track marine_race_arena/tracks/marine_race_horseshoe_bay.json --team-size 3 --start-gap-s 8.0 --lateral-offset-m 1.5 --seeds 0 --inter-vehicle-modes diagnostic --conditions leader_follower --min-gate-gap 1 --comms-packet-loss-prob 0.0 --duration-s 560.0 --dt 0.033 --team-id holoocean_coordination --headless --output-dir results\onboard_only_validation\final_20260715\coordination\min_gate_gap_1\gap_8\diagnostic\seed_0\leader_follower\reproduction --log-participant-states
coordination/min_gate_gap_1/gap_8/diagnostic/seed_1/leader_follower,coordination,min_gate_gap_1,coordination,Marine Race Horseshoe Bay,marine_race_arena/tracks/marine_race_horseshoe_bay.json,leader_follower(rule_gate_baseline); leader_follower(rule_gate_center_then_commit); leader_follower(rule_gate_center_then_commit),"[""leader_follower(rule_gate_baseline)"",""leader_follower(rule_gate_center_then_commit)"",""leader_follower(rule_gate_center_then_commit)""]",leader_follower,none,1,FINISHED,36,36,,,0.0,0,0,0,0,0,True,8.0,1,1,264.957,264.957,holoocean,False,e7d3107784ea53056febcc3966b267ef59ee6d0f24d523c5c9b9446efca044b8,coordination/min_gate_gap_1/gap_8/diagnostic/seed_1/leader_follower/Marine_Race_Horseshoe_Bay_20260716_074430_summary.json,coordination/min_gate_gap_1/gap_8/diagnostic/seed_1/leader_follower/Marine_Race_Horseshoe_Bay_20260716_074430.jsonl,conda run -n ocean python -m marine_race_arena.scripts.run_holoocean_coordination_validation --track marine_race_arena/tracks/marine_race_horseshoe_bay.json --team-size 3 --start-gap-s 8.0 --lateral-offset-m 1.5 --seeds 1 --inter-vehicle-modes diagnostic --conditions leader_follower --min-gate-gap 1 --comms-packet-loss-prob 0.0 --duration-s 560.0 --dt 0.033 --team-id holoocean_coordination --headless --output-dir results\onboard_only_validation\final_20260715\coordination\min_gate_gap_1\gap_8\diagnostic\seed_1\leader_follower\reproduction --log-participant-states
coordination/min_gate_gap_1/gap_8/diagnostic/seed_2/leader_follower,coordination,min_gate_gap_1,coordination,Marine Race Horseshoe Bay,marine_race_arena/tracks/marine_race_horseshoe_bay.json,leader_follower(rule_gate_baseline); leader_follower(rule_gate_center_then_commit); leader_follower(rule_gate_center_then_commit),"[""leader_follower(rule_gate_baseline)"",""leader_follower(rule_gate_center_then_commit)"",""leader_follower(rule_gate_center_then_commit)""]",leader_follower,none,2,FINISHED,36,36,,,0.0,0,0,0,0,0,True,8.0,1,1,274.791,274.791,holoocean,False,e7d3107784ea53056febcc3966b267ef59ee6d0f24d523c5c9b9446efca044b8,coordination/min_gate_gap_1/gap_8/diagnostic/seed_2/leader_follower/Marine_Race_Horseshoe_Bay_20260716_075446_summary.json,coordination/min_gate_gap_1/gap_8/diagnostic/seed_2/leader_follower/Marine_Race_Horseshoe_Bay_20260716_075446.jsonl,conda run -n ocean python -m marine_race_arena.scripts.run_holoocean_coordination_validation --track marine_race_arena/tracks/marine_race_horseshoe_bay.json --team-size 3 --start-gap-s 8.0 --lateral-offset-m 1.5 --seeds 2 --inter-vehicle-modes diagnostic --conditions leader_follower --min-gate-gap 1 --comms-packet-loss-prob 0.0 --duration-s 560.0 --dt 0.033 --team-id holoocean_coordination --headless --output-dir results\onboard_only_validation\final_20260715\coordination\min_gate_gap_1\gap_8\diagnostic\seed_2\leader_follower\reproduction --log-participant-states
currents/horseshoe/rule_gate_baseline/medium/runs/run_001_seed_0,currents,,benchmark,Marine Race Horseshoe Bay,marine_race_arena/tracks/marine_race_horseshoe_bay.json,rule_gate_baseline,"[""rule_gate_baseline""]",,medium,0,DNF,12,10,,,75.0,15,0,0,0,0,False,,,,,,holoocean,False,e7d3107784ea53056febcc3966b267ef59ee6d0f24d523c5c9b9446efca044b8,currents/horseshoe/rule_gate_baseline/medium/runs/run_001_seed_0/Marine_Race_Horseshoe_Bay_20260715_194829_summary.json,currents/horseshoe/rule_gate_baseline/medium/runs/run_001_seed_0/Marine_Race_Horseshoe_Bay_20260715_194829.jsonl,conda run -n ocean python -m marine_race_arena.scripts.run_marine_race --track marine_race_arena/tracks/marine_race_horseshoe_bay.json --benchmark-task current_gate --controller rule_gate_baseline --adapter holoocean --seed 0 --dt 0.033 --log-dir results\onboard_only_validation\final_20260715\currents\horseshoe\rule_gate_baseline\medium\runs\run_001_seed_0 --duration 560.0 --obstacles none --current-profile medium --motion-compensation none --official
currents/horseshoe/rule_gate_baseline/medium/runs/run_002_seed_1,currents,,benchmark,Marine Race Horseshoe Bay,marine_race_arena/tracks/marine_race_horseshoe_bay.json,rule_gate_baseline,"[""rule_gate_baseline""]",,medium,1,DNF,12,4,,,155.0,31,0,0,0,0,False,,,,,,holoocean,False,e7d3107784ea53056febcc3966b267ef59ee6d0f24d523c5c9b9446efca044b8,currents/horseshoe/rule_gate_baseline/medium/runs/run_002_seed_1/Marine_Race_Horseshoe_Bay_20260715_195240_summary.json,currents/horseshoe/rule_gate_baseline/medium/runs/run_002_seed_1/Marine_Race_Horseshoe_Bay_20260715_195240.jsonl,conda run -n ocean python -m marine_race_arena.scripts.run_marine_race --track marine_race_arena/tracks/marine_race_horseshoe_bay.json --benchmark-task current_gate --controller rule_gate_baseline --adapter holoocean --seed 1 --dt 0.033 --log-dir results\onboard_only_validation\final_20260715\currents\horseshoe\rule_gate_baseline\medium\runs\run_002_seed_1 --duration 560.0 --obstacles none --current-profile medium --motion-compensation none --official
currents/horseshoe/rule_gate_baseline/medium/runs/run_003_seed_2,currents,,benchmark,Marine Race Horseshoe Bay,marine_race_arena/tracks/marine_race_horseshoe_bay.json,rule_gate_baseline,"[""rule_gate_baseline""]",,medium,2,FINISHED,12,12,351.45,746.45,395.0,79,0,0,0,0,True,,,,,,holoocean,False,e7d3107784ea53056febcc3966b267ef59ee6d0f24d523c5c9b9446efca044b8,currents/horseshoe/rule_gate_baseline/medium/runs/run_003_seed_2/Marine_Race_Horseshoe_Bay_20260715_195455_summary.json,currents/horseshoe/rule_gate_baseline/medium/runs/run_003_seed_2/Marine_Race_Horseshoe_Bay_20260715_195455.jsonl,conda run -n ocean python -m marine_race_arena.scripts.run_marine_race --track marine_race_arena/tracks/marine_race_horseshoe_bay.json --benchmark-task current_gate --controller rule_gate_baseline --adapter holoocean --seed 2 --dt 0.033 --log-dir results\onboard_only_validation\final_20260715\currents\horseshoe\rule_gate_baseline\medium\runs\run_003_seed_2 --duration 560.0 --obstacles none --current-profile medium --motion-compensation none --official
currents/horseshoe/rule_gate_baseline/medium/runs/run_004_seed_3,currents,,benchmark,Marine Race Horseshoe Bay,marine_race_arena/tracks/marine_race_horseshoe_bay.json,rule_gate_baseline,"[""rule_gate_baseline""]",,medium,3,FINISHED,12,12,324.324,639.3240000000001,315.0,63,0,0,0,0,True,,,,,,holoocean,False,e7d3107784ea53056febcc3966b267ef59ee6d0f24d523c5c9b9446efca044b8,currents/horseshoe/rule_gate_baseline/medium/runs/run_004_seed_3/Marine_Race_Horseshoe_Bay_20260715_200216_summary.json,currents/horseshoe/rule_gate_baseline/medium/runs/run_004_seed_3/Marine_Race_Horseshoe_Bay_20260715_200216.jsonl,conda run -n ocean python -m marine_race_arena.scripts.run_marine_race --track marine_race_arena/tracks/marine_race_horseshoe_bay.json --benchmark-task current_gate --controller rule_gate_baseline --adapter holoocean --seed 3 --dt 0.033 --log-dir results\onboard_only_validation\final_20260715\currents\horseshoe\rule_gate_baseline\medium\runs\run_004_seed_3 --duration 560.0 --obstacles none --current-profile medium --motion-compensation none --official
currents/horseshoe/rule_gate_baseline/medium/runs/run_005_seed_4,currents,,benchmark,Marine Race Horseshoe Bay,marine_race_arena/tracks/marine_race_horseshoe_bay.json,rule_gate_baseline,"[""rule_gate_baseline""]",,medium,4,DNF,12,4,,,145.0,29,0,0,0,0,False,,,,,,holoocean,False,e7d3107784ea53056febcc3966b267ef59ee6d0f24d523c5c9b9446efca044b8,currents/horseshoe/rule_gate_baseline/medium/runs/run_005_seed_4/Marine_Race_Horseshoe_Bay_20260715_200902_summary.json,currents/horseshoe/rule_gate_baseline/medium/runs/run_005_seed_4/Marine_Race_Horseshoe_Bay_20260715_200902.jsonl,conda run -n ocean python -m marine_race_arena.scripts.run_marine_race --track marine_race_arena/tracks/marine_race_horseshoe_bay.json --benchmark-task current_gate --controller rule_gate_baseline --adapter holoocean --seed 4 --dt 0.033 --log-dir results\onboard_only_validation\final_20260715\currents\horseshoe\rule_gate_baseline\medium\runs\run_005_seed_4 --duration 560.0 --obstacles none --current-profile medium --motion-compensation none --official
currents/horseshoe/rule_gate_center_then_commit/medium/runs/run_001_seed_0,currents,,benchmark,Marine Race Horseshoe Bay,marine_race_arena/tracks/marine_race_horseshoe_bay.json,rule_gate_center_then_commit,"[""rule_gate_center_then_commit""]",,medium,0,FINISHED,12,12,218.823,223.823,5.0,1,0,0,0,0,True,,,,,,holoocean,False,e7d3107784ea53056febcc3966b267ef59ee6d0f24d523c5c9b9446efca044b8,currents/horseshoe/rule_gate_center_then_commit/medium/runs/run_001_seed_0/Marine_Race_Horseshoe_Bay_20260716_022807_summary.json,currents/horseshoe/rule_gate_center_then_commit/medium/runs/run_001_seed_0/Marine_Race_Horseshoe_Bay_20260716_022807.jsonl,conda run -n ocean python -m marine_race_arena.scripts.run_marine_race --track marine_race_arena/tracks/marine_race_horseshoe_bay.json --benchmark-task current_gate --controller rule_gate_center_then_commit --adapter holoocean --seed 0 --dt 0.033 --log-dir results\onboard_only_validation\final_20260715\currents\horseshoe\rule_gate_center_then_commit\medium\runs\run_001_seed_0 --duration 560.0 --obstacles none --current-profile medium --motion-compensation none --official
currents/horseshoe/rule_gate_center_then_commit/medium/runs/run_002_seed_1,currents,,benchmark,Marine Race Horseshoe Bay,marine_race_arena/tracks/marine_race_horseshoe_bay.json,rule_gate_center_then_commit,"[""rule_gate_center_then_commit""]",,medium,1,DNF,12,4,,,145.0,29,0,0,0,0,False,,,,,,holoocean,False,e7d3107784ea53056febcc3966b267ef59ee6d0f24d523c5c9b9446efca044b8,currents/horseshoe/rule_gate_center_then_commit/medium/runs/run_002_seed_1/Marine_Race_Horseshoe_Bay_20260716_023248_summary.json,currents/horseshoe/rule_gate_center_then_commit/medium/runs/run_002_seed_1/Marine_Race_Horseshoe_Bay_20260716_023248.jsonl,conda run -n ocean python -m marine_race_arena.scripts.run_marine_race --track marine_race_arena/tracks/marine_race_horseshoe_bay.json --benchmark-task current_gate --controller rule_gate_center_then_commit --adapter holoocean --seed 1 --dt 0.033 --log-dir results\onboard_only_validation\final_20260715\currents\horseshoe\rule_gate_center_then_commit\medium\runs\run_002_seed_1 --duration 560.0 --obstacles none --current-profile medium --motion-compensation none --official
currents/horseshoe/rule_gate_center_then_commit/medium/runs/run_003_seed_2,currents,,benchmark,Marine Race Horseshoe Bay,marine_race_arena/tracks/marine_race_horseshoe_bay.json,rule_gate_center_then_commit,"[""rule_gate_center_then_commit""]",,medium,2,FINISHED,12,12,215.82,225.82,10.0,2,0,0,0,0,True,,,,,,holoocean,False,e7d3107784ea53056febcc3966b267ef59ee6d0f24d523c5c9b9446efca044b8,currents/horseshoe/rule_gate_center_then_commit/medium/runs/run_003_seed_2/Marine_Race_Horseshoe_Bay_20260716_023506_summary.json,currents/horseshoe/rule_gate_center_then_commit/medium/runs/run_003_seed_2/Marine_Race_Horseshoe_Bay_20260716_023506.jsonl,conda run -n ocean python -m marine_race_arena.scripts.run_marine_race --track marine_race_arena/tracks/marine_race_horseshoe_bay.json --benchmark-task current_gate --controller rule_gate_center_then_commit --adapter holoocean --seed 2 --dt 0.033 --log-dir results\onboard_only_validation\final_20260715\currents\horseshoe\rule_gate_center_then_commit\medium\runs\run_003_seed_2 --duration 560.0 --obstacles none --current-profile medium --motion-compensation none --official
currents/horseshoe/rule_gate_center_then_commit/medium/runs/run_004_seed_3,currents,,benchmark,Marine Race Horseshoe Bay,marine_race_arena/tracks/marine_race_horseshoe_bay.json,rule_gate_center_then_commit,"[""rule_gate_center_then_commit""]",,medium,3,FINISHED,12,12,217.14000000000001,222.14000000000001,5.0,1,0,0,0,0,True,,,,,,holoocean,False,e7d3107784ea53056febcc3966b267ef59ee6d0f24d523c5c9b9446efca044b8,currents/horseshoe/rule_gate_center_then_commit/medium/runs/run_004_seed_3/Marine_Race_Horseshoe_Bay_20260716_023942_summary.json,currents/horseshoe/rule_gate_center_then_commit/medium/runs/run_004_seed_3/Marine_Race_Horseshoe_Bay_20260716_023942.jsonl,conda run -n ocean python -m marine_race_arena.scripts.run_marine_race --track marine_race_arena/tracks/marine_race_horseshoe_bay.json --benchmark-task current_gate --controller rule_gate_center_then_commit --adapter holoocean --seed 3 --dt 0.033 --log-dir results\onboard_only_validation\final_20260715\currents\horseshoe\rule_gate_center_then_commit\medium\runs\run_004_seed_3 --duration 560.0 --obstacles none --current-profile medium --motion-compensation none --official
currents/horseshoe/rule_gate_center_then_commit/medium/runs/run_005_seed_4,currents,,benchmark,Marine Race Horseshoe Bay,marine_race_arena/tracks/marine_race_horseshoe_bay.json,rule_gate_center_then_commit,"[""rule_gate_center_then_commit""]",,medium,4,DNF,12,4,,,465.0,93,0,0,0,0,False,,,,,,holoocean,False,e7d3107784ea53056febcc3966b267ef59ee6d0f24d523c5c9b9446efca044b8,currents/horseshoe/rule_gate_center_then_commit/medium/runs/run_005_seed_4/Marine_Race_Horseshoe_Bay_20260716_024431_summary.json,currents/horseshoe/rule_gate_center_then_commit/medium/runs/run_005_seed_4/Marine_Race_Horseshoe_Bay_20260716_024431.jsonl,conda run -n ocean python -m marine_race_arena.scripts.run_marine_race --track marine_race_arena/tracks/marine_race_horseshoe_bay.json --benchmark-task current_gate --controller rule_gate_center_then_commit --adapter holoocean --seed 4 --dt 0.033 --log-dir results\onboard_only_validation\final_20260715\currents\horseshoe\rule_gate_center_then_commit\medium\runs\run_005_seed_4 --duration 560.0 --obstacles none --current-profile medium --motion-compensation none --official
fleet_gap90/rule_gate_baseline/runs/run_001_seed_0,fleet_gap90,,benchmark,Marine Race Horseshoe Bay,marine_race_arena/tracks/marine_race_horseshoe_bay.json,rule_gate_baseline; rule_gate_baseline,"[""rule_gate_baseline"",""rule_gate_baseline""]",,none,0,FINISHED,24,24,,,0.0,0,0,0,0,0,True,90.0,,,298.188,298.188,holoocean,False,e7d3107784ea53056febcc3966b267ef59ee6d0f24d523c5c9b9446efca044b8,fleet_gap90/rule_gate_baseline/runs/run_001_seed_0/Marine_Race_Horseshoe_Bay_20260716_034417_summary.json,fleet_gap90/rule_gate_baseline/runs/run_001_seed_0/Marine_Race_Horseshoe_Bay_20260716_034417.jsonl,conda run -n ocean python -m marine_race_arena.scripts.run_marine_race --track marine_race_arena/tracks/marine_race_horseshoe_bay.json --benchmark-task clean_gate --controller rule_gate_baseline --adapter holoocean --seed 0 --dt 0.033 --log-dir results\onboard_only_validation\final_20260715\fleet_gap90\rule_gate_baseline\runs\run_001_seed_0 --duration 560.0 --obstacles none --current-profile none --motion-compensation none --official --staggered-start --num-rovers 2 --start-gap-s 90.0 --staggered-lateral-offset-m 3.0 --inter-vehicle-collision-mode diagnostic --inter-vehicle-collision-xy-threshold-m 0.8 --inter-vehicle-collision-z-threshold-m 0.75 --inter-vehicle-collision-cooldown-s 1.0 --team-id fleet_01 --inter-vehicle-collision-release-threshold-m 1.05 --log-participant-states
fleet_gap90/rule_gate_baseline/runs/run_002_seed_1,fleet_gap90,,benchmark,Marine Race Horseshoe Bay,marine_race_arena/tracks/marine_race_horseshoe_bay.json,rule_gate_baseline; rule_gate_baseline,"[""rule_gate_baseline"",""rule_gate_baseline""]",,none,1,FINISHED,24,24,,,0.0,0,0,0,0,0,True,90.0,,,302.478,302.478,holoocean,False,e7d3107784ea53056febcc3966b267ef59ee6d0f24d523c5c9b9446efca044b8,fleet_gap90/rule_gate_baseline/runs/run_002_seed_1/Marine_Race_Horseshoe_Bay_20260716_035302_summary.json,fleet_gap90/rule_gate_baseline/runs/run_002_seed_1/Marine_Race_Horseshoe_Bay_20260716_035302.jsonl,conda run -n ocean python -m marine_race_arena.scripts.run_marine_race --track marine_race_arena/tracks/marine_race_horseshoe_bay.json --benchmark-task clean_gate --controller rule_gate_baseline --adapter holoocean --seed 1 --dt 0.033 --log-dir results\onboard_only_validation\final_20260715\fleet_gap90\rule_gate_baseline\runs\run_002_seed_1 --duration 560.0 --obstacles none --current-profile none --motion-compensation none --official --staggered-start --num-rovers 2 --start-gap-s 90.0 --staggered-lateral-offset-m 3.0 --inter-vehicle-collision-mode diagnostic --inter-vehicle-collision-xy-threshold-m 0.8 --inter-vehicle-collision-z-threshold-m 0.75 --inter-vehicle-collision-cooldown-s 1.0 --team-id fleet_01 --inter-vehicle-collision-release-threshold-m 1.05 --log-participant-states
fleet_gap90/rule_gate_baseline/runs/run_003_seed_2,fleet_gap90,,benchmark,Marine Race Horseshoe Bay,marine_race_arena/tracks/marine_race_horseshoe_bay.json,rule_gate_baseline; rule_gate_baseline,"[""rule_gate_baseline"",""rule_gate_baseline""]",,none,2,FINISHED,24,24,,,0.0,0,0,0,0,0,True,90.0,,,306.933,306.933,holoocean,False,e7d3107784ea53056febcc3966b267ef59ee6d0f24d523c5c9b9446efca044b8,fleet_gap90/rule_gate_baseline/runs/run_003_seed_2/Marine_Race_Horseshoe_Bay_20260716_040157_summary.json,fleet_gap90/rule_gate_baseline/runs/run_003_seed_2/Marine_Race_Horseshoe_Bay_20260716_040157.jsonl,conda run -n ocean python -m marine_race_arena.scripts.run_marine_race --track marine_race_arena/tracks/marine_race_horseshoe_bay.json --benchmark-task clean_gate --controller rule_gate_baseline --adapter holoocean --seed 2 --dt 0.033 --log-dir results\onboard_only_validation\final_20260715\fleet_gap90\rule_gate_baseline\runs\run_003_seed_2 --duration 560.0 --obstacles none --current-profile none --motion-compensation none --official --staggered-start --num-rovers 2 --start-gap-s 90.0 --staggered-lateral-offset-m 3.0 --inter-vehicle-collision-mode diagnostic --inter-vehicle-collision-xy-threshold-m 0.8 --inter-vehicle-collision-z-threshold-m 0.75 --inter-vehicle-collision-cooldown-s 1.0 --team-id fleet_01 --inter-vehicle-collision-release-threshold-m 1.05 --log-participant-states
fleet_gap90/rule_gate_baseline/runs/run_004_seed_3,fleet_gap90,,benchmark,Marine Race Horseshoe Bay,marine_race_arena/tracks/marine_race_horseshoe_bay.json,rule_gate_baseline; rule_gate_baseline,"[""rule_gate_baseline"",""rule_gate_baseline""]",,none,3,FINISHED,24,24,,,0.0,0,0,0,0,0,True,90.0,,,303.336,303.336,holoocean,False,e7d3107784ea53056febcc3966b267ef59ee6d0f24d523c5c9b9446efca044b8,fleet_gap90/rule_gate_baseline/runs/run_004_seed_3/Marine_Race_Horseshoe_Bay_20260716_041118_summary.json,fleet_gap90/rule_gate_baseline/runs/run_004_seed_3/Marine_Race_Horseshoe_Bay_20260716_041118.jsonl,conda run -n ocean python -m marine_race_arena.scripts.run_marine_race --track marine_race_arena/tracks/marine_race_horseshoe_bay.json --benchmark-task clean_gate --controller rule_gate_baseline --adapter holoocean --seed 3 --dt 0.033 --log-dir results\onboard_only_validation\final_20260715\fleet_gap90\rule_gate_baseline\runs\run_004_seed_3 --duration 560.0 --obstacles none --current-profile none --motion-compensation none --official --staggered-start --num-rovers 2 --start-gap-s 90.0 --staggered-lateral-offset-m 3.0 --inter-vehicle-collision-mode diagnostic --inter-vehicle-collision-xy-threshold-m 0.8 --inter-vehicle-collision-z-threshold-m 0.75 --inter-vehicle-collision-cooldown-s 1.0 --team-id fleet_01 --inter-vehicle-collision-release-threshold-m 1.05 --log-participant-states
fleet_gap90/rule_gate_baseline/runs/run_005_seed_4,fleet_gap90,,benchmark,Marine Race Horseshoe Bay,marine_race_arena/tracks/marine_race_horseshoe_bay.json,rule_gate_baseline; rule_gate_baseline,"[""rule_gate_baseline"",""rule_gate_baseline""]",,none,4,FINISHED,24,24,,,0.0,0,0,0,0,0,True,90.0,,,304.524,304.524,holoocean,False,e7d3107784ea53056febcc3966b267ef59ee6d0f24d523c5c9b9446efca044b8,fleet_gap90/rule_gate_baseline/runs/run_005_seed_4/Marine_Race_Horseshoe_Bay_20260716_042019_summary.json,fleet_gap90/rule_gate_baseline/runs/run_005_seed_4/Marine_Race_Horseshoe_Bay_20260716_042019.jsonl,conda run -n ocean python -m marine_race_arena.scripts.run_marine_race --track marine_race_arena/tracks/marine_race_horseshoe_bay.json --benchmark-task clean_gate --controller rule_gate_baseline --adapter holoocean --seed 4 --dt 0.033 --log-dir results\onboard_only_validation\final_20260715\fleet_gap90\rule_gate_baseline\runs\run_005_seed_4 --duration 560.0 --obstacles none --current-profile none --motion-compensation none --official --staggered-start --num-rovers 2 --start-gap-s 90.0 --staggered-lateral-offset-m 3.0 --inter-vehicle-collision-mode diagnostic --inter-vehicle-collision-xy-threshold-m 0.8 --inter-vehicle-collision-z-threshold-m 0.75 --inter-vehicle-collision-cooldown-s 1.0 --team-id fleet_01 --inter-vehicle-collision-release-threshold-m 1.05 --log-participant-states
fleet_gap90/rule_gate_center_then_commit/runs/run_001_seed_0,fleet_gap90,,benchmark,Marine Race Horseshoe Bay,marine_race_arena/tracks/marine_race_horseshoe_bay.json,rule_gate_center_then_commit; rule_gate_center_then_commit,"[""rule_gate_center_then_commit"",""rule_gate_center_then_commit""]",,none,0,FINISHED,24,24,,,0.0,0,0,0,0,0,True,90.0,,,311.85,311.85,holoocean,False,e7d3107784ea53056febcc3966b267ef59ee6d0f24d523c5c9b9446efca044b8,fleet_gap90/rule_gate_center_then_commit/runs/run_001_seed_0/Marine_Race_Horseshoe_Bay_20260716_043002_summary.json,fleet_gap90/rule_gate_center_then_commit/runs/run_001_seed_0/Marine_Race_Horseshoe_Bay_20260716_043002.jsonl,conda run -n ocean python -m marine_race_arena.scripts.run_marine_race --track marine_race_arena/tracks/marine_race_horseshoe_bay.json --benchmark-task clean_gate --controller rule_gate_center_then_commit --adapter holoocean --seed 0 --dt 0.033 --log-dir results\onboard_only_validation\final_20260715\fleet_gap90\rule_gate_center_then_commit\runs\run_001_seed_0 --duration 560.0 --obstacles none --current-profile none --motion-compensation none --official --staggered-start --num-rovers 2 --start-gap-s 90.0 --staggered-lateral-offset-m 3.0 --inter-vehicle-collision-mode diagnostic --inter-vehicle-collision-xy-threshold-m 0.8 --inter-vehicle-collision-z-threshold-m 0.75 --inter-vehicle-collision-cooldown-s 1.0 --team-id fleet_01 --inter-vehicle-collision-release-threshold-m 1.05 --log-participant-states
fleet_gap90/rule_gate_center_then_commit/runs/run_002_seed_1,fleet_gap90,,benchmark,Marine Race Horseshoe Bay,marine_race_arena/tracks/marine_race_horseshoe_bay.json,rule_gate_center_then_commit; rule_gate_center_then_commit,"[""rule_gate_center_then_commit"",""rule_gate_center_then_commit""]",,none,1,FINISHED,24,24,,,0.0,0,0,0,0,0,True,90.0,,,303.171,303.171,holoocean,False,e7d3107784ea53056febcc3966b267ef59ee6d0f24d523c5c9b9446efca044b8,fleet_gap90/rule_gate_center_then_commit/runs/run_002_seed_1/Marine_Race_Horseshoe_Bay_20260716_043914_summary.json,fleet_gap90/rule_gate_center_then_commit/runs/run_002_seed_1/Marine_Race_Horseshoe_Bay_20260716_043914.jsonl,conda run -n ocean python -m marine_race_arena.scripts.run_marine_race --track marine_race_arena/tracks/marine_race_horseshoe_bay.json --benchmark-task clean_gate --controller rule_gate_center_then_commit --adapter holoocean --seed 1 --dt 0.033 --log-dir results\onboard_only_validation\final_20260715\fleet_gap90\rule_gate_center_then_commit\runs\run_002_seed_1 --duration 560.0 --obstacles none --current-profile none --motion-compensation none --official --staggered-start --num-rovers 2 --start-gap-s 90.0 --staggered-lateral-offset-m 3.0 --inter-vehicle-collision-mode diagnostic --inter-vehicle-collision-xy-threshold-m 0.8 --inter-vehicle-collision-z-threshold-m 0.75 --inter-vehicle-collision-cooldown-s 1.0 --team-id fleet_01 --inter-vehicle-collision-release-threshold-m 1.05 --log-participant-states
fleet_gap90/rule_gate_center_then_commit/runs/run_003_seed_2,fleet_gap90,,benchmark,Marine Race Horseshoe Bay,marine_race_arena/tracks/marine_race_horseshoe_bay.json,rule_gate_center_then_commit; rule_gate_center_then_commit,"[""rule_gate_center_then_commit"",""rule_gate_center_then_commit""]",,none,2,FINISHED,24,24,,,0.0,0,0,0,0,0,True,90.0,,,311.619,311.619,holoocean,False,e7d3107784ea53056febcc3966b267ef59ee6d0f24d523c5c9b9446efca044b8,fleet_gap90/rule_gate_center_then_commit/runs/run_003_seed_2/Marine_Race_Horseshoe_Bay_20260716_044809_summary.json,fleet_gap90/rule_gate_center_then_commit/runs/run_003_seed_2/Marine_Race_Horseshoe_Bay_20260716_044809.jsonl,conda run -n ocean python -m marine_race_arena.scripts.run_marine_race --track marine_race_arena/tracks/marine_race_horseshoe_bay.json --benchmark-task clean_gate --controller rule_gate_center_then_commit --adapter holoocean --seed 2 --dt 0.033 --log-dir results\onboard_only_validation\final_20260715\fleet_gap90\rule_gate_center_then_commit\runs\run_003_seed_2 --duration 560.0 --obstacles none --current-profile none --motion-compensation none --official --staggered-start --num-rovers 2 --start-gap-s 90.0 --staggered-lateral-offset-m 3.0 --inter-vehicle-collision-mode diagnostic --inter-vehicle-collision-xy-threshold-m 0.8 --inter-vehicle-collision-z-threshold-m 0.75 --inter-vehicle-collision-cooldown-s 1.0 --team-id fleet_01 --inter-vehicle-collision-release-threshold-m 1.05 --log-participant-states
fleet_gap90/rule_gate_center_then_commit/runs/run_004_seed_3,fleet_gap90,,benchmark,Marine Race Horseshoe Bay,marine_race_arena/tracks/marine_race_horseshoe_bay.json,rule_gate_center_then_commit; rule_gate_center_then_commit,"[""rule_gate_center_then_commit"",""rule_gate_center_then_commit""]",,none,3,FINISHED,24,24,,,0.0,0,0,0,0,0,True,90.0,,,300.234,300.234,holoocean,False,e7d3107784ea53056febcc3966b267ef59ee6d0f24d523c5c9b9446efca044b8,fleet_gap90/rule_gate_center_then_commit/runs/run_004_seed_3/Marine_Race_Horseshoe_Bay_20260716_045723_summary.json,fleet_gap90/rule_gate_center_then_commit/runs/run_004_seed_3/Marine_Race_Horseshoe_Bay_20260716_045723.jsonl,conda run -n ocean python -m marine_race_arena.scripts.run_marine_race --track marine_race_arena/tracks/marine_race_horseshoe_bay.json --benchmark-task clean_gate --controller rule_gate_center_then_commit --adapter holoocean --seed 3 --dt 0.033 --log-dir results\onboard_only_validation\final_20260715\fleet_gap90\rule_gate_center_then_commit\runs\run_004_seed_3 --duration 560.0 --obstacles none --current-profile none --motion-compensation none --official --staggered-start --num-rovers 2 --start-gap-s 90.0 --staggered-lateral-offset-m 3.0 --inter-vehicle-collision-mode diagnostic --inter-vehicle-collision-xy-threshold-m 0.8 --inter-vehicle-collision-z-threshold-m 0.75 --inter-vehicle-collision-cooldown-s 1.0 --team-id fleet_01 --inter-vehicle-collision-release-threshold-m 1.05 --log-participant-states
fleet_gap90/rule_gate_center_then_commit/runs/run_005_seed_4,fleet_gap90,,benchmark,Marine Race Horseshoe Bay,marine_race_arena/tracks/marine_race_horseshoe_bay.json,rule_gate_center_then_commit; rule_gate_center_then_commit,"[""rule_gate_center_then_commit"",""rule_gate_center_then_commit""]",,none,4,FINISHED,24,24,,,0.0,0,0,0,0,0,True,90.0,,,313.005,313.005,holoocean,False,e7d3107784ea53056febcc3966b267ef59ee6d0f24d523c5c9b9446efca044b8,fleet_gap90/rule_gate_center_then_commit/runs/run_005_seed_4/Marine_Race_Horseshoe_Bay_20260716_050615_summary.json,fleet_gap90/rule_gate_center_then_commit/runs/run_005_seed_4/Marine_Race_Horseshoe_Bay_20260716_050615.jsonl,conda run -n ocean python -m marine_race_arena.scripts.run_marine_race --track marine_race_arena/tracks/marine_race_horseshoe_bay.json --benchmark-task clean_gate --controller rule_gate_center_then_commit --adapter holoocean --seed 4 --dt 0.033 --log-dir results\onboard_only_validation\final_20260715\fleet_gap90\rule_gate_center_then_commit\runs\run_005_seed_4 --duration 560.0 --obstacles none --current-profile none --motion-compensation none --official --staggered-start --num-rovers 2 --start-gap-s 90.0 --staggered-lateral-offset-m 3.0 --inter-vehicle-collision-mode diagnostic --inter-vehicle-collision-xy-threshold-m 0.8 --inter-vehicle-collision-z-threshold-m 0.75 --inter-vehicle-collision-cooldown-s 1.0 --team-id fleet_01 --inter-vehicle-collision-release-threshold-m 1.05 --log-participant-states
